pkuid,cod_rip,cod_reg,cod_prov,cod_cm,cod_uts,pro_com,pro_com_t,comune,comune_a,cc_uts,shape_leng,shape_area,den_prov,den_cm,den_uts,sigla,tipo_uts,den_reg,den_rip,ontopia
2760,2,4,22,0,22,22001,022001,Ala,,0,63783.4639024,119965942.878,Trento,-,Trento,TN,Provincia autonoma,Trentino-Alto Adige,Nord-est,https://w3id.org/italia/data/identifiers/cities-identifiers/alphanumeric-istat-code/022001
2761,2,4,22,0,22,22002,022002,Albiano,,0,12660.3417938,9692853.13037,Trento,-,Trento,TN,Provincia autonoma,Trentino-Alto Adige,Nord-est,https://w3id.org/italia/data/identifiers/cities-identifiers/alphanumeric-istat-code/022002
2762,2,4,22,0,22,22003,022003,Aldeno,,0,13731.2773754,9000210.02959,Trento,-,Trento,TN,Provincia autonoma,Trentino-Alto Adige,Nord-est,https://w3id.org/italia/data/identifiers/cities-identifiers/alphanumeric-istat-code/022003
2763,2,4,22,0,22,22005,022005,Andalo,,0,21719.7262105,11563395.9088,Trento,-,Trento,TN,Provincia autonoma,Trentino-Alto Adige,Nord-est,https://w3id.org/italia/data/identifiers/cities-identifiers/alphanumeric-istat-code/022005
2764,2,4,22,0,22,22006,022006,Arco,,0,46560.0664977,63232621.3309,Trento,-,Trento,TN,Provincia autonoma,Trentino-Alto Adige,Nord-est,https://w3id.org/italia/data/identifiers/cities-identifiers/alphanumeric-istat-code/022006
2765,2,4,22,0,22,22007,022007,Avio,,0,41277.5273399,68737326.6124,Trento,-,Trento,TN,Provincia autonoma,Trentino-Alto Adige,Nord-est,https://w3id.org/italia/data/identifiers/cities-identifiers/alphanumeric-istat-code/022007
2766,2,4,22,0,22,22009,022009,Baselga di Pinè,,0,38136.3668696,41478655.6682,Trento,-,Trento,TN,Provincia autonoma,Trentino-Alto Adige,Nord-est,https://w3id.org/italia/data/identifiers/cities-identifiers/alphanumeric-istat-code/022009
2767,2,4,22,0,22,22011,022011,Bedollo,,0,25605.7186546,27167640.88,Trento,-,Trento,TN,Provincia autonoma,Trentino-Alto Adige,Nord-est,https://w3id.org/italia/data/identifiers/cities-identifiers/alphanumeric-istat-code/022011
2768,2,4,22,0,22,22013,022013,Besenello,,0,34161.9730927,25953084.3893,Trento,-,Trento,TN,Provincia autonoma,Trentino-Alto Adige,Nord-est,https://w3id.org/italia/data/identifiers/cities-identifiers/alphanumeric-istat-code/022013
2769,2,4,22,0,22,22015,022015,Bieno,,0,16136.2344121,11896714.7664,Trento,-,Trento,TN,Provincia autonoma,Trentino-Alto Adige,Nord-est,https://w3id.org/italia/data/identifiers/cities-identifiers/alphanumeric-istat-code/022015
2770,2,4,22,0,22,22017,022017,Bleggio Superiore,,0,28418.0470612,32723459.2736,Trento,-,Trento,TN,Provincia autonoma,Trentino-Alto Adige,Nord-est,https://w3id.org/italia/data/identifiers/cities-identifiers/alphanumeric-istat-code/022017
2771,2,4,22,0,22,22018,022018,Bocenago,,0,11519.8936263,8547198.21059,Trento,-,Trento,TN,Provincia autonoma,Trentino-Alto Adige,Nord-est,https://w3id.org/italia/data/identifiers/cities-identifiers/alphanumeric-istat-code/022018
2772,2,4,22,0,22,22021,022021,Bondone,,0,22309.1223683,19324178.506,Trento,-,Trento,TN,Provincia autonoma,Trentino-Alto Adige,Nord-est,https://w3id.org/italia/data/identifiers/cities-identifiers/alphanumeric-istat-code/022021
2773,2,4,22,0,22,22022,022022,Borgo Valsugana,,0,34022.7256076,52562270.9352,Trento,-,Trento,TN,Provincia autonoma,Trentino-Alto Adige,Nord-est,https://w3id.org/italia/data/identifiers/cities-identifiers/alphanumeric-istat-code/022022
2774,2,4,22,0,22,22025,022025,Brentonico,,0,34927.3241334,62855897.03,Trento,-,Trento,TN,Provincia autonoma,Trentino-Alto Adige,Nord-est,https://w3id.org/italia/data/identifiers/cities-identifiers/alphanumeric-istat-code/022025
2775,2,4,22,0,22,22026,022026,Bresimo,,0,28651.8918767,40640037.1959,Trento,-,Trento,TN,Provincia autonoma,Trentino-Alto Adige,Nord-est,https://w3id.org/italia/data/identifiers/cities-identifiers/alphanumeric-istat-code/022026
2776,2,4,22,0,22,22029,022029,Caderzone Terme,,0,18553.618129,18798505.073,Trento,-,Trento,TN,Provincia autonoma,Trentino-Alto Adige,Nord-est,https://w3id.org/italia/data/identifiers/cities-identifiers/alphanumeric-istat-code/022029
2777,2,4,22,0,22,22032,022032,Calceranica al Lago,,0,8113.58927156,3374213.90367,Trento,-,Trento,TN,Provincia autonoma,Trentino-Alto Adige,Nord-est,https://w3id.org/italia/data/identifiers/cities-identifiers/alphanumeric-istat-code/022032
2778,2,4,22,0,22,22033,022033,Caldes,,0,26298.9266372,20535731.3397,Trento,-,Trento,TN,Provincia autonoma,Trentino-Alto Adige,Nord-est,https://w3id.org/italia/data/identifiers/cities-identifiers/alphanumeric-istat-code/022033
2779,2,4,22,0,22,22034,022034,Caldonazzo,,0,26273.9692097,21119166.3253,Trento,-,Trento,TN,Provincia autonoma,Trentino-Alto Adige,Nord-est,https://w3id.org/italia/data/identifiers/cities-identifiers/alphanumeric-istat-code/022034
2780,2,4,22,0,22,22035,022035,Calliano,,0,22499.9894878,10185858.4521,Trento,-,Trento,TN,Provincia autonoma,Trentino-Alto Adige,Nord-est,https://w3id.org/italia/data/identifiers/cities-identifiers/alphanumeric-istat-code/022035
2781,2,4,22,0,22,22036,022036,Campitello di Fassa,,0,27545.6895266,25123142.1161,Trento,-,Trento,TN,Provincia autonoma,Trentino-Alto Adige,Nord-est,https://w3id.org/italia/data/identifiers/cities-identifiers/alphanumeric-istat-code/022036
2782,2,4,22,0,22,22037,022037,Campodenno,,0,26859.3735573,24726533.0275,Trento,-,Trento,TN,Provincia autonoma,Trentino-Alto Adige,Nord-est,https://w3id.org/italia/data/identifiers/cities-identifiers/alphanumeric-istat-code/022037
2783,2,4,22,0,22,22038,022038,Canal San Bovo,,0,70521.326317,125030332.54,Trento,-,Trento,TN,Provincia autonoma,Trentino-Alto Adige,Nord-est,https://w3id.org/italia/data/identifiers/cities-identifiers/alphanumeric-istat-code/022038
2784,2,4,22,0,22,22039,022039,Canazei,,0,45543.6972406,67345411.2286,Trento,-,Trento,TN,Provincia autonoma,Trentino-Alto Adige,Nord-est,https://w3id.org/italia/data/identifiers/cities-identifiers/alphanumeric-istat-code/022039
2785,2,4,22,0,22,22040,022040,Capriana,,0,16474.0272006,12809854.3764,Trento,-,Trento,TN,Provincia autonoma,Trentino-Alto Adige,Nord-est,https://w3id.org/italia/data/identifiers/cities-identifiers/alphanumeric-istat-code/022040
2786,2,4,22,0,22,22042,022042,Carisolo,,0,32835.997952,25169679.7104,Trento,-,Trento,TN,Provincia autonoma,Trentino-Alto Adige,Nord-est,https://w3id.org/italia/data/identifiers/cities-identifiers/alphanumeric-istat-code/022042
2787,2,4,22,0,22,22043,022043,Carzano,,0,9392.89293281,1739520.64454,Trento,-,Trento,TN,Provincia autonoma,Trentino-Alto Adige,Nord-est,https://w3id.org/italia/data/identifiers/cities-identifiers/alphanumeric-istat-code/022043
2788,2,4,22,0,22,22045,022045,Castel Condino,,0,21106.6970343,11263252.2522,Trento,-,Trento,TN,Provincia autonoma,Trentino-Alto Adige,Nord-est,https://w3id.org/italia/data/identifiers/cities-identifiers/alphanumeric-istat-code/022045
2789,2,4,22,0,22,22047,022047,Castello-Molina di Fiemme,,0,50781.184752,54540680.0933,Trento,-,Trento,TN,Provincia autonoma,Trentino-Alto Adige,Nord-est,https://w3id.org/italia/data/identifiers/cities-identifiers/alphanumeric-istat-code/022047
2790,2,4,22,0,22,22048,022048,Castello Tesino,,0,76365.2896427,112627275.184,Trento,-,Trento,TN,Provincia autonoma,Trentino-Alto Adige,Nord-est,https://w3id.org/italia/data/identifiers/cities-identifiers/alphanumeric-istat-code/022048
2791,2,4,22,0,22,22049,022049,Castelnuovo,,0,16703.5346223,13371397.7153,Trento,-,Trento,TN,Provincia autonoma,Trentino-Alto Adige,Nord-est,https://w3id.org/italia/data/identifiers/cities-identifiers/alphanumeric-istat-code/022049
2792,2,4,22,0,22,22050,022050,Cavalese,,0,30732.2285761,45372485.3677,Trento,-,Trento,TN,Provincia autonoma,Trentino-Alto Adige,Nord-est,https://w3id.org/italia/data/identifiers/cities-identifiers/alphanumeric-istat-code/022050
2793,2,4,22,0,22,22051,022051,Cavareno,,0,19742.577817,9494732.49357,Trento,-,Trento,TN,Provincia autonoma,Trentino-Alto Adige,Nord-est,https://w3id.org/italia/data/identifiers/cities-identifiers/alphanumeric-istat-code/022051
2794,2,4,22,0,22,22052,022052,Cavedago,,0,17012.8413266,10084609.8854,Trento,-,Trento,TN,Provincia autonoma,Trentino-Alto Adige,Nord-est,https://w3id.org/italia/data/identifiers/cities-identifiers/alphanumeric-istat-code/022052
2795,2,4,22,0,22,22053,022053,Cavedine,,0,26586.3452206,38015650.8458,Trento,-,Trento,TN,Provincia autonoma,Trentino-Alto Adige,Nord-est,https://w3id.org/italia/data/identifiers/cities-identifiers/alphanumeric-istat-code/022053
2796,2,4,22,0,22,22054,022054,Cavizzana,,0,7215.5263672,3426623.0525,Trento,-,Trento,TN,Provincia autonoma,Trentino-Alto Adige,Nord-est,https://w3id.org/italia/data/identifiers/cities-identifiers/alphanumeric-istat-code/022054
2797,2,4,22,0,22,22058,022058,Cimone,,0,14044.9887882,9949821.42597,Trento,-,Trento,TN,Provincia autonoma,Trentino-Alto Adige,Nord-est,https://w3id.org/italia/data/identifiers/cities-identifiers/alphanumeric-istat-code/022058
2798,2,4,22,0,22,22059,022059,Cinte Tesino,,0,42924.2366659,30465270.1996,Trento,-,Trento,TN,Provincia autonoma,Trentino-Alto Adige,Nord-est,https://w3id.org/italia/data/identifiers/cities-identifiers/alphanumeric-istat-code/022059
2799,2,4,22,0,22,22060,022060,Cis,,0,9817.30486074,5733343.21537,Trento,-,Trento,TN,Provincia autonoma,Trentino-Alto Adige,Nord-est,https://w3id.org/italia/data/identifiers/cities-identifiers/alphanumeric-istat-code/022060
2800,2,4,22,0,22,22061,022061,Civezzano,,0,17279.9444924,15770302.5978,Trento,-,Trento,TN,Provincia autonoma,Trentino-Alto Adige,Nord-est,https://w3id.org/italia/data/identifiers/cities-identifiers/alphanumeric-istat-code/022061
2801,2,4,22,0,22,22062,022062,Cles,,0,46194.2734675,39008216.1961,Trento,-,Trento,TN,Provincia autonoma,Trentino-Alto Adige,Nord-est,https://w3id.org/italia/data/identifiers/cities-identifiers/alphanumeric-istat-code/022062
2802,2,4,22,0,22,22064,022064,Commezzadura,,0,22571.1485373,22122265.7763,Trento,-,Trento,TN,Provincia autonoma,Trentino-Alto Adige,Nord-est,https://w3id.org/italia/data/identifiers/cities-identifiers/alphanumeric-istat-code/022064
2803,2,4,22,0,22,22068,022068,Croviana,,0,12086.0176179,5072749.19395,Trento,-,Trento,TN,Provincia autonoma,Trentino-Alto Adige,Nord-est,https://w3id.org/italia/data/identifiers/cities-identifiers/alphanumeric-istat-code/022068
2804,2,4,22,0,22,22071,022071,Dambel,,0,9395.38630907,5124302.10497,Trento,-,Trento,TN,Provincia autonoma,Trentino-Alto Adige,Nord-est,https://w3id.org/italia/data/identifiers/cities-identifiers/alphanumeric-istat-code/022071
2805,2,4,22,0,22,22074,022074,Denno,,0,24292.3936351,10937551.6055,Trento,-,Trento,TN,Provincia autonoma,Trentino-Alto Adige,Nord-est,https://w3id.org/italia/data/identifiers/cities-identifiers/alphanumeric-istat-code/022074
2806,2,4,22,0,22,22078,022078,Drena,,0,13090.2626746,8270593.91361,Trento,-,Trento,TN,Provincia autonoma,Trentino-Alto Adige,Nord-est,https://w3id.org/italia/data/identifiers/cities-identifiers/alphanumeric-istat-code/022078
2807,2,4,22,0,22,22079,022079,Dro,,0,27626.9552608,27765067.7248,Trento,-,Trento,TN,Provincia autonoma,Trentino-Alto Adige,Nord-est,https://w3id.org/italia/data/identifiers/cities-identifiers/alphanumeric-istat-code/022079
2808,2,4,22,0,22,22081,022081,Fai della Paganella,,0,24177.6515137,12098184.6564,Trento,-,Trento,TN,Provincia autonoma,Trentino-Alto Adige,Nord-est,https://w3id.org/italia/data/identifiers/cities-identifiers/alphanumeric-istat-code/022081
2809,2,4,22,0,22,22083,022083,Fiavè,,0,25068.0996785,24173225.4069,Trento,-,Trento,TN,Provincia autonoma,Trentino-Alto Adige,Nord-est,https://w3id.org/italia/data/identifiers/cities-identifiers/alphanumeric-istat-code/022083
2810,2,4,22,0,22,22085,022085,Fierozzo,,0,18878.2279999,18010753.7985,Trento,-,Trento,TN,Provincia autonoma,Trentino-Alto Adige,Nord-est,https://w3id.org/italia/data/identifiers/cities-identifiers/alphanumeric-istat-code/022085
2811,2,4,22,0,22,22087,022087,Folgaria,,0,40421.8279302,71726106.8004,Trento,-,Trento,TN,Provincia autonoma,Trentino-Alto Adige,Nord-est,https://w3id.org/italia/data/identifiers/cities-identifiers/alphanumeric-istat-code/022087
2812,2,4,22,0,22,22089,022089,Fornace,,0,11165.41427,7166265.12138,Trento,-,Trento,TN,Provincia autonoma,Trentino-Alto Adige,Nord-est,https://w3id.org/italia/data/identifiers/cities-identifiers/alphanumeric-istat-code/022089
2813,2,4,22,0,22,22090,022090,Frassilongo,,0,16428.8099189,16878631.7973,Trento,-,Trento,TN,Provincia autonoma,Trentino-Alto Adige,Nord-est,https://w3id.org/italia/data/identifiers/cities-identifiers/alphanumeric-istat-code/022090
2814,2,4,22,0,22,22091,022091,Garniga Terme,,0,16016.6025955,12953276.4166,Trento,-,Trento,TN,Provincia autonoma,Trentino-Alto Adige,Nord-est,https://w3id.org/italia/data/identifiers/cities-identifiers/alphanumeric-istat-code/022091
2815,2,4,22,0,22,22092,022092,Giovo,,0,29329.0045215,20632481.4782,Trento,-,Trento,TN,Provincia autonoma,Trentino-Alto Adige,Nord-est,https://w3id.org/italia/data/identifiers/cities-identifiers/alphanumeric-istat-code/022092
2816,2,4,22,0,22,22093,022093,Giustino,,0,42542.6932938,38770910.5907,Trento,-,Trento,TN,Provincia autonoma,Trentino-Alto Adige,Nord-est,https://w3id.org/italia/data/identifiers/cities-identifiers/alphanumeric-istat-code/022093
2817,2,4,22,0,22,22095,022095,Grigno,,0,30799.2144857,46285054.0053,Trento,-,Trento,TN,Provincia autonoma,Trentino-Alto Adige,Nord-est,https://w3id.org/italia/data/identifiers/cities-identifiers/alphanumeric-istat-code/022095
2818,2,4,22,0,22,22097,022097,Imer,,0,31048.7084658,28048316.6817,Trento,-,Trento,TN,Provincia autonoma,Trentino-Alto Adige,Nord-est,https://w3id.org/italia/data/identifiers/cities-identifiers/alphanumeric-istat-code/022097
2819,2,4,22,0,22,22098,022098,Isera,,0,18865.4248148,14131016.2223,Trento,-,Trento,TN,Provincia autonoma,Trentino-Alto Adige,Nord-est,https://w3id.org/italia/data/identifiers/cities-identifiers/alphanumeric-istat-code/022098
2820,2,4,22,0,22,22102,022102,Lavarone,,0,26986.7417851,26405636.2635,Trento,-,Trento,TN,Provincia autonoma,Trentino-Alto Adige,Nord-est,https://w3id.org/italia/data/identifiers/cities-identifiers/alphanumeric-istat-code/022102
2821,2,4,22,0,22,22103,022103,Lavis,,0,18383.2295777,12342481.4911,Trento,-,Trento,TN,Provincia autonoma,Trentino-Alto Adige,Nord-est,https://w3id.org/italia/data/identifiers/cities-identifiers/alphanumeric-istat-code/022103
2822,2,4,22,0,22,22104,022104,Levico Terme,,0,37221.0794909,62838772.6001,Trento,-,Trento,TN,Provincia autonoma,Trentino-Alto Adige,Nord-est,https://w3id.org/italia/data/identifiers/cities-identifiers/alphanumeric-istat-code/022104
2823,2,4,22,0,22,22106,022106,Livo,,0,18043.9639535,15368498.8802,Trento,-,Trento,TN,Provincia autonoma,Trentino-Alto Adige,Nord-est,https://w3id.org/italia/data/identifiers/cities-identifiers/alphanumeric-istat-code/022106
2824,2,4,22,0,22,22108,022108,Lona-Lases,,0,23935.4753822,11508725.841,Trento,-,Trento,TN,Provincia autonoma,Trentino-Alto Adige,Nord-est,https://w3id.org/italia/data/identifiers/cities-identifiers/alphanumeric-istat-code/022108
2825,2,4,22,0,22,22109,022109,Luserna,,0,21744.5580005,8181693.36467,Trento,-,Trento,TN,Provincia autonoma,Trentino-Alto Adige,Nord-est,https://w3id.org/italia/data/identifiers/cities-identifiers/alphanumeric-istat-code/022109
2826,2,4,22,0,22,22110,022110,Malé,,0,33148.2622227,26387750.6924,Trento,-,Trento,TN,Provincia autonoma,Trentino-Alto Adige,Nord-est,https://w3id.org/italia/data/identifiers/cities-identifiers/alphanumeric-istat-code/022110
2827,2,4,22,0,22,22112,022112,Massimeno,,0,30632.5883992,21044383.7012,Trento,-,Trento,TN,Provincia autonoma,Trentino-Alto Adige,Nord-est,https://w3id.org/italia/data/identifiers/cities-identifiers/alphanumeric-istat-code/022112
2828,2,4,22,0,22,22113,022113,Mazzin,,0,24745.210055,23950975.6508,Trento,-,Trento,TN,Provincia autonoma,Trentino-Alto Adige,Nord-est,https://w3id.org/italia/data/identifiers/cities-identifiers/alphanumeric-istat-code/022113
2829,2,4,22,0,22,22114,022114,Mezzana,,0,26738.3868759,27399226.9479,Trento,-,Trento,TN,Provincia autonoma,Trentino-Alto Adige,Nord-est,https://w3id.org/italia/data/identifiers/cities-identifiers/alphanumeric-istat-code/022114
2830,2,4,22,0,22,22115,022115,Mezzano,,0,44986.8771468,49288285.861,Trento,-,Trento,TN,Provincia autonoma,Trentino-Alto Adige,Nord-est,https://w3id.org/italia/data/identifiers/cities-identifiers/alphanumeric-istat-code/022115
2831,2,4,22,0,22,22116,022116,Mezzocorona,,0,26596.3730761,25187119.6727,Trento,-,Trento,TN,Provincia autonoma,Trentino-Alto Adige,Nord-est,https://w3id.org/italia/data/identifiers/cities-identifiers/alphanumeric-istat-code/022116
2832,2,4,22,0,22,22117,022117,Mezzolombardo,,0,18232.526655,13881035.9835,Trento,-,Trento,TN,Provincia autonoma,Trentino-Alto Adige,Nord-est,https://w3id.org/italia/data/identifiers/cities-identifiers/alphanumeric-istat-code/022117
2833,2,4,22,0,22,22118,022118,Moena,,0,56674.2060689,82782107.3234,Trento,-,Trento,TN,Provincia autonoma,Trentino-Alto Adige,Nord-est,https://w3id.org/italia/data/identifiers/cities-identifiers/alphanumeric-istat-code/022118
2834,2,4,22,0,22,22120,022120,Molveno,,0,33829.9495967,33692716.1372,Trento,-,Trento,TN,Provincia autonoma,Trentino-Alto Adige,Nord-est,https://w3id.org/italia/data/identifiers/cities-identifiers/alphanumeric-istat-code/022120
2835,2,4,22,0,22,22123,022123,Mori,,0,35442.1815602,34131875.8097,Trento,-,Trento,TN,Provincia autonoma,Trentino-Alto Adige,Nord-est,https://w3id.org/italia/data/identifiers/cities-identifiers/alphanumeric-istat-code/022123
2836,2,4,22,0,22,22124,022124,Nago-Torbole,,0,25051.2358157,28514900.5284,Trento,-,Trento,TN,Provincia autonoma,Trentino-Alto Adige,Nord-est,https://w3id.org/italia/data/identifiers/cities-identifiers/alphanumeric-istat-code/022124
2837,2,4,22,0,22,22127,022127,Nogaredo,,0,8457.36917229,3540331.05859,Trento,-,Trento,TN,Provincia autonoma,Trentino-Alto Adige,Nord-est,https://w3id.org/italia/data/identifiers/cities-identifiers/alphanumeric-istat-code/022127
2838,2,4,22,0,22,22128,022128,Nomi,,0,15440.2372712,6431546.29971,Trento,-,Trento,TN,Provincia autonoma,Trentino-Alto Adige,Nord-est,https://w3id.org/italia/data/identifiers/cities-identifiers/alphanumeric-istat-code/022128
2839,2,4,22,0,22,22129,022129,Novaledo,,0,16576.3555545,7901809.12262,Trento,-,Trento,TN,Provincia autonoma,Trentino-Alto Adige,Nord-est,https://w3id.org/italia/data/identifiers/cities-identifiers/alphanumeric-istat-code/022129
2840,2,4,22,0,22,22130,022130,Ospedaletto,,0,17726.0553179,16836806.8025,Trento,-,Trento,TN,Provincia autonoma,Trentino-Alto Adige,Nord-est,https://w3id.org/italia/data/identifiers/cities-identifiers/alphanumeric-istat-code/022130
2841,2,4,22,0,22,22131,022131,Ossana,,0,27186.0849286,24893877.8179,Trento,-,Trento,TN,Provincia autonoma,Trentino-Alto Adige,Nord-est,https://w3id.org/italia/data/identifiers/cities-identifiers/alphanumeric-istat-code/022131
2842,2,4,22,0,22,22133,022133,Palù del Fersina,,0,18517.630267,16546834.026,Trento,-,Trento,TN,Provincia autonoma,Trentino-Alto Adige,Nord-est,https://w3id.org/italia/data/identifiers/cities-identifiers/alphanumeric-istat-code/022133
2843,2,4,22,0,22,22134,022134,Panchià,,0,31223.8457253,20330487.5856,Trento,-,Trento,TN,Provincia autonoma,Trentino-Alto Adige,Nord-est,https://w3id.org/italia/data/identifiers/cities-identifiers/alphanumeric-istat-code/022134
2844,2,4,22,0,22,22135,022135,Ronzo-Chienis,,0,15249.3828827,13189453.2801,Trento,-,Trento,TN,Provincia autonoma,Trentino-Alto Adige,Nord-est,https://w3id.org/italia/data/identifiers/cities-identifiers/alphanumeric-istat-code/022135
2845,2,4,22,0,22,22136,022136,Peio,,0,73928.0624718,162223872.021,Trento,-,Trento,TN,Provincia autonoma,Trentino-Alto Adige,Nord-est,https://w3id.org/italia/data/identifiers/cities-identifiers/alphanumeric-istat-code/022136
2846,2,4,22,0,22,22137,022137,Pellizzano,,0,55691.1048099,48830767.6541,Trento,-,Trento,TN,Provincia autonoma,Trentino-Alto Adige,Nord-est,https://w3id.org/italia/data/identifiers/cities-identifiers/alphanumeric-istat-code/022137
2847,2,4,22,0,22,22138,022138,Pelugo,,0,29984.9327535,22962811.1008,Trento,-,Trento,TN,Provincia autonoma,Trentino-Alto Adige,Nord-est,https://w3id.org/italia/data/identifiers/cities-identifiers/alphanumeric-istat-code/022138
2848,2,4,22,0,22,22139,022139,Pergine Valsugana,,0,48221.1936856,53982124.0434,Trento,-,Trento,TN,Provincia autonoma,Trentino-Alto Adige,Nord-est,https://w3id.org/italia/data/identifiers/cities-identifiers/alphanumeric-istat-code/022139
2849,2,4,22,0,22,22142,022142,Pieve Tesino,,0,67842.2411577,69531937.6314,Trento,-,Trento,TN,Provincia autonoma,Trentino-Alto Adige,Nord-est,https://w3id.org/italia/data/identifiers/cities-identifiers/alphanumeric-istat-code/022142
2850,2,4,22,0,22,22143,022143,Pinzolo,,0,45553.8680476,69053848.5489,Trento,-,Trento,TN,Provincia autonoma,Trentino-Alto Adige,Nord-est,https://w3id.org/italia/data/identifiers/cities-identifiers/alphanumeric-istat-code/022143
2851,2,4,22,0,22,22144,022144,Pomarolo,,0,14437.6173615,9258559.80273,Trento,-,Trento,TN,Provincia autonoma,Trentino-Alto Adige,Nord-est,https://w3id.org/italia/data/identifiers/cities-identifiers/alphanumeric-istat-code/022144
2852,2,4,22,0,22,22147,022147,Predazzo,,0,56477.6851549,109838731.036,Trento,-,Trento,TN,Provincia autonoma,Trentino-Alto Adige,Nord-est,https://w3id.org/italia/data/identifiers/cities-identifiers/alphanumeric-istat-code/022147
2853,2,4,22,0,22,22150,022150,Rabbi,,0,56899.9297778,133016074.123,Trento,-,Trento,TN,Provincia autonoma,Trentino-Alto Adige,Nord-est,https://w3id.org/italia/data/identifiers/cities-identifiers/alphanumeric-istat-code/022150
2854,2,4,22,0,22,22153,022153,Riva del Garda,,0,40826.682892,40709769.7809,Trento,-,Trento,TN,Provincia autonoma,Trentino-Alto Adige,Nord-est,https://w3id.org/italia/data/identifiers/cities-identifiers/alphanumeric-istat-code/022153
2855,2,4,22,0,22,22155,022155,Romeno,,0,12929.6607565,9182014.99582,Trento,-,Trento,TN,Provincia autonoma,Trentino-Alto Adige,Nord-est,https://w3id.org/italia/data/identifiers/cities-identifiers/alphanumeric-istat-code/022155
2856,2,4,22,0,22,22156,022156,Roncegno Terme,,0,26185.0575528,38033514.4946,Trento,-,Trento,TN,Provincia autonoma,Trentino-Alto Adige,Nord-est,https://w3id.org/italia/data/identifiers/cities-identifiers/alphanumeric-istat-code/022156
2857,2,4,22,0,22,22157,022157,Ronchi Valsugana,,0,14590.3220967,9987053.66039,Trento,-,Trento,TN,Provincia autonoma,Trentino-Alto Adige,Nord-est,https://w3id.org/italia/data/identifiers/cities-identifiers/alphanumeric-istat-code/022157
2858,2,4,22,0,22,22159,022159,Ronzone,,0,15450.7236499,5326470.0251,Trento,-,Trento,TN,Provincia autonoma,Trentino-Alto Adige,Nord-est,https://w3id.org/italia/data/identifiers/cities-identifiers/alphanumeric-istat-code/022159
2859,2,4,22,0,22,22160,022160,Roverè della Luna,,0,21592.6653211,10344435.1428,Trento,-,Trento,TN,Provincia autonoma,Trentino-Alto Adige,Nord-est,https://w3id.org/italia/data/identifiers/cities-identifiers/alphanumeric-istat-code/022160
2860,2,4,22,0,22,22161,022161,Rovereto,,0,44777.1435086,51226064.7581,Trento,-,Trento,TN,Provincia autonoma,Trentino-Alto Adige,Nord-est,https://w3id.org/italia/data/identifiers/cities-identifiers/alphanumeric-istat-code/022161
2861,2,4,22,0,22,22162,022162,Ruffrè-Mendola,,0,11995.7308828,6821334.04392,Trento,-,Trento,TN,Provincia autonoma,Trentino-Alto Adige,Nord-est,https://w3id.org/italia/data/identifiers/cities-identifiers/alphanumeric-istat-code/022162
2862,2,4,22,0,22,22163,022163,Rumo,,0,26019.8992166,30744842.126,Trento,-,Trento,TN,Provincia autonoma,Trentino-Alto Adige,Nord-est,https://w3id.org/italia/data/identifiers/cities-identifiers/alphanumeric-istat-code/022163
2863,2,4,22,0,22,22164,022164,Sagron Mis,,0,17308.1725927,11388883.357,Trento,-,Trento,TN,Provincia autonoma,Trentino-Alto Adige,Nord-est,https://w3id.org/italia/data/identifiers/cities-identifiers/alphanumeric-istat-code/022164
2864,2,4,22,0,22,22165,022165,Samone,,0,9318.87546891,5029723.43614,Trento,-,Trento,TN,Provincia autonoma,Trentino-Alto Adige,Nord-est,https://w3id.org/italia/data/identifiers/cities-identifiers/alphanumeric-istat-code/022165
2865,2,4,22,0,22,22167,022167,San Michele all'Adige,,0,21920.9009529,16268939.9005,Trento,-,Trento,TN,Provincia autonoma,Trentino-Alto Adige,Nord-est,https://w3id.org/italia/data/identifiers/cities-identifiers/alphanumeric-istat-code/022167
2866,2,4,22,0,22,22168,022168,Sant'Orsola Terme,,0,17295.9046495,15462819.3301,Trento,-,Trento,TN,Provincia autonoma,Trentino-Alto Adige,Nord-est,https://w3id.org/italia/data/identifiers/cities-identifiers/alphanumeric-istat-code/022168
2867,2,4,22,0,22,22169,022169,Sanzeno,,0,12791.0310943,7801376.30412,Trento,-,Trento,TN,Provincia autonoma,Trentino-Alto Adige,Nord-est,https://w3id.org/italia/data/identifiers/cities-identifiers/alphanumeric-istat-code/022169
2868,2,4,22,0,22,22170,022170,Sarnonico,,0,37007.4698586,11792595.2591,Trento,-,Trento,TN,Provincia autonoma,Trentino-Alto Adige,Nord-est,https://w3id.org/italia/data/identifiers/cities-identifiers/alphanumeric-istat-code/022170
2869,2,4,22,0,22,22171,022171,Scurelle,,0,36680.278903,29636174.3193,Trento,-,Trento,TN,Provincia autonoma,Trentino-Alto Adige,Nord-est,https://w3id.org/italia/data/identifiers/cities-identifiers/alphanumeric-istat-code/022171
2870,2,4,22,0,22,22172,022172,Segonzano,,0,19868.0263141,20632525.2269,Trento,-,Trento,TN,Provincia autonoma,Trentino-Alto Adige,Nord-est,https://w3id.org/italia/data/identifiers/cities-identifiers/alphanumeric-istat-code/022172
2871,2,4,22,0,22,22173,022173,Sfruz,,0,21454.7008201,12508922.117,Trento,-,Trento,TN,Provincia autonoma,Trentino-Alto Adige,Nord-est,https://w3id.org/italia/data/identifiers/cities-identifiers/alphanumeric-istat-code/022173
2872,2,4,22,0,22,22176,022176,Soraga di Fassa,,0,29201.1951215,19731385.4272,Trento,-,Trento,TN,Provincia autonoma,Trentino-Alto Adige,Nord-est,https://w3id.org/italia/data/identifiers/cities-identifiers/alphanumeric-istat-code/022176
2873,2,4,22,0,22,22177,022177,Sover,,0,17897.4595307,14851423.5635,Trento,-,Trento,TN,Provincia autonoma,Trentino-Alto Adige,Nord-est,https://w3id.org/italia/data/identifiers/cities-identifiers/alphanumeric-istat-code/022177
2874,2,4,22,0,22,22179,022179,Spiazzo,,0,58017.7746199,70737258.5352,Trento,-,Trento,TN,Provincia autonoma,Trentino-Alto Adige,Nord-est,https://w3id.org/italia/data/identifiers/cities-identifiers/alphanumeric-istat-code/022179
2875,2,4,22,0,22,22180,022180,Spormaggiore,,0,33723.5940352,29802676.3415,Trento,-,Trento,TN,Provincia autonoma,Trentino-Alto Adige,Nord-est,https://w3id.org/italia/data/identifiers/cities-identifiers/alphanumeric-istat-code/022180
2876,2,4,22,0,22,22181,022181,Sporminore,,0,19839.751562,17786377.2733,Trento,-,Trento,TN,Provincia autonoma,Trentino-Alto Adige,Nord-est,https://w3id.org/italia/data/identifiers/cities-identifiers/alphanumeric-istat-code/022181
2877,2,4,22,0,22,22182,022182,Stenico,,0,47999.9584706,49104284.5804,Trento,-,Trento,TN,Provincia autonoma,Trentino-Alto Adige,Nord-est,https://w3id.org/italia/data/identifiers/cities-identifiers/alphanumeric-istat-code/022182
2878,2,4,22,0,22,22183,022183,Storo,,0,40210.6545078,63532072.7741,Trento,-,Trento,TN,Provincia autonoma,Trentino-Alto Adige,Nord-est,https://w3id.org/italia/data/identifiers/cities-identifiers/alphanumeric-istat-code/022183
2879,2,4,22,0,22,22184,022184,Strembo,,0,35309.2941726,38651473.692,Trento,-,Trento,TN,Provincia autonoma,Trentino-Alto Adige,Nord-est,https://w3id.org/italia/data/identifiers/cities-identifiers/alphanumeric-istat-code/022184
2880,2,4,22,0,22,22188,022188,Telve,,0,48911.148436,64203297.4292,Trento,-,Trento,TN,Provincia autonoma,Trentino-Alto Adige,Nord-est,https://w3id.org/italia/data/identifiers/cities-identifiers/alphanumeric-istat-code/022188
2881,2,4,22,0,22,22189,022189,Telve di Sopra,,0,27354.7778298,17923037.5312,Trento,-,Trento,TN,Provincia autonoma,Trentino-Alto Adige,Nord-est,https://w3id.org/italia/data/identifiers/cities-identifiers/alphanumeric-istat-code/022189
2882,2,4,22,0,22,22190,022190,Tenna,,0,7981.13692329,3168601.83557,Trento,-,Trento,TN,Provincia autonoma,Trentino-Alto Adige,Nord-est,https://w3id.org/italia/data/identifiers/cities-identifiers/alphanumeric-istat-code/022190
2883,2,4,22,0,22,22191,022191,Tenno,,0,23018.3522244,28331944.2265,Trento,-,Trento,TN,Provincia autonoma,Trentino-Alto Adige,Nord-est,https://w3id.org/italia/data/identifiers/cities-identifiers/alphanumeric-istat-code/022191
2884,2,4,22,0,22,22193,022193,Terragnolo,,0,30979.195406,39523723.5581,Trento,-,Trento,TN,Provincia autonoma,Trentino-Alto Adige,Nord-est,https://w3id.org/italia/data/identifiers/cities-identifiers/alphanumeric-istat-code/022193
2885,2,4,22,0,22,22195,022195,Terzolas,,0,13945.9594371,5881267.59657,Trento,-,Trento,TN,Provincia autonoma,Trentino-Alto Adige,Nord-est,https://w3id.org/italia/data/identifiers/cities-identifiers/alphanumeric-istat-code/022195
2886,2,4,22,0,22,22196,022196,Tesero,,0,44315.5520098,50856142.7461,Trento,-,Trento,TN,Provincia autonoma,Trentino-Alto Adige,Nord-est,https://w3id.org/italia/data/identifiers/cities-identifiers/alphanumeric-istat-code/022196
2887,2,4,22,0,22,22199,022199,Tione di Trento,,0,51679.8227234,33338612.6686,Trento,-,Trento,TN,Provincia autonoma,Trentino-Alto Adige,Nord-est,https://w3id.org/italia/data/identifiers/cities-identifiers/alphanumeric-istat-code/022199
2888,2,4,22,0,22,22200,022200,Ton,,0,20715.3451,26184767.4315,Trento,-,Trento,TN,Provincia autonoma,Trentino-Alto Adige,Nord-est,https://w3id.org/italia/data/identifiers/cities-identifiers/alphanumeric-istat-code/022200
2889,2,4,22,0,22,22202,022202,Torcegno,,0,24401.5976269,15289707.4137,Trento,-,Trento,TN,Provincia autonoma,Trentino-Alto Adige,Nord-est,https://w3id.org/italia/data/identifiers/cities-identifiers/alphanumeric-istat-code/022202
2890,2,4,22,0,22,22203,022203,Trambileno,,0,46610.105212,50588062.7092,Trento,-,Trento,TN,Provincia autonoma,Trentino-Alto Adige,Nord-est,https://w3id.org/italia/data/identifiers/cities-identifiers/alphanumeric-istat-code/022203
2891,2,4,22,0,22,22205,022205,Trento,,1,68948.5752541,157759001.696,Trento,-,Trento,TN,Provincia autonoma,Trentino-Alto Adige,Nord-est,https://w3id.org/italia/data/identifiers/cities-identifiers/alphanumeric-istat-code/022205
2892,2,4,22,0,22,22209,022209,Valfloriana,,0,33351.2695765,39387672.2708,Trento,-,Trento,TN,Provincia autonoma,Trentino-Alto Adige,Nord-est,https://w3id.org/italia/data/identifiers/cities-identifiers/alphanumeric-istat-code/022209
2893,2,4,22,0,22,22210,022210,Vallarsa,,0,48336.3352471,78187658.0498,Trento,-,Trento,TN,Provincia autonoma,Trentino-Alto Adige,Nord-est,https://w3id.org/italia/data/identifiers/cities-identifiers/alphanumeric-istat-code/022210
2894,2,4,22,0,22,22213,022213,Vermiglio,,0,48979.4213609,95826082.6887,Trento,-,Trento,TN,Provincia autonoma,Trentino-Alto Adige,Nord-est,https://w3id.org/italia/data/identifiers/cities-identifiers/alphanumeric-istat-code/022213
2895,2,4,22,0,22,22216,022216,Vignola-Falesina,,0,15679.9177522,12166090.6746,Trento,-,Trento,TN,Provincia autonoma,Trentino-Alto Adige,Nord-est,https://w3id.org/italia/data/identifiers/cities-identifiers/alphanumeric-istat-code/022216
2896,2,4,22,0,22,22222,022222,Villa Lagarina,,0,24749.8848189,24185799.9,Trento,-,Trento,TN,Provincia autonoma,Trentino-Alto Adige,Nord-est,https://w3id.org/italia/data/identifiers/cities-identifiers/alphanumeric-istat-code/022222
2897,2,4,22,0,22,22224,022224,Volano,,0,14551.9853121,10799143.8612,Trento,-,Trento,TN,Provincia autonoma,Trentino-Alto Adige,Nord-est,https://w3id.org/italia/data/identifiers/cities-identifiers/alphanumeric-istat-code/022224
2898,2,4,22,0,22,22226,022226,Ziano di Fiemme,,0,32455.1239424,35923854.8651,Trento,-,Trento,TN,Provincia autonoma,Trentino-Alto Adige,Nord-est,https://w3id.org/italia/data/identifiers/cities-identifiers/alphanumeric-istat-code/022226
2899,2,4,22,0,22,22228,022228,Comano Terme,,0,64150.3311029,68259156.1315,Trento,-,Trento,TN,Provincia autonoma,Trentino-Alto Adige,Nord-est,https://w3id.org/italia/data/identifiers/cities-identifiers/alphanumeric-istat-code/022228
2900,2,4,22,0,22,22229,022229,Ledro,,0,67595.5723403,156358525.436,Trento,-,Trento,TN,Provincia autonoma,Trentino-Alto Adige,Nord-est,https://w3id.org/italia/data/identifiers/cities-identifiers/alphanumeric-istat-code/022229
2901,2,4,22,0,22,22230,022230,Predaia,,0,59329.2461811,79133059.404,Trento,-,Trento,TN,Provincia autonoma,Trentino-Alto Adige,Nord-est,https://w3id.org/italia/data/identifiers/cities-identifiers/alphanumeric-istat-code/022230
2902,2,4,22,0,22,22231,022231,San Lorenzo Dorsino,,0,40268.1338092,74217410.9515,Trento,-,Trento,TN,Provincia autonoma,Trentino-Alto Adige,Nord-est,https://w3id.org/italia/data/identifiers/cities-identifiers/alphanumeric-istat-code/022231
2903,2,4,22,0,22,22232,022232,Valdaone,,0,78857.7092604,177192333.833,Trento,-,Trento,TN,Provincia autonoma,Trentino-Alto Adige,Nord-est,https://w3id.org/italia/data/identifiers/cities-identifiers/alphanumeric-istat-code/022232
2904,2,4,22,0,22,22233,022233,Dimaro Folgarida,,0,26765.8649955,36484386.3976,Trento,-,Trento,TN,Provincia autonoma,Trentino-Alto Adige,Nord-est,https://w3id.org/italia/data/identifiers/cities-identifiers/alphanumeric-istat-code/022233
2905,2,4,22,0,22,22234,022234,Pieve di Bono-Prezzo,,0,27850.8914949,24559247.4914,Trento,-,Trento,TN,Provincia autonoma,Trentino-Alto Adige,Nord-est,https://w3id.org/italia/data/identifiers/cities-identifiers/alphanumeric-istat-code/022234
2906,2,4,22,0,22,22235,022235,Altavalle,,0,29132.0556873,33739137.9165,Trento,-,Trento,TN,Provincia autonoma,Trentino-Alto Adige,Nord-est,https://w3id.org/italia/data/identifiers/cities-identifiers/alphanumeric-istat-code/022235
2907,2,4,22,0,22,22236,022236,Altopiano della Vigolana,,0,30521.4142083,44949137.1417,Trento,-,Trento,TN,Provincia autonoma,Trentino-Alto Adige,Nord-est,https://w3id.org/italia/data/identifiers/cities-identifiers/alphanumeric-istat-code/022236
2908,2,4,22,0,22,22237,022237,Amblar-Don,,0,20282.2848814,19945974.3914,Trento,-,Trento,TN,Provincia autonoma,Trentino-Alto Adige,Nord-est,https://w3id.org/italia/data/identifiers/cities-identifiers/alphanumeric-istat-code/022237
2909,2,4,22,0,22,22238,022238,Borgo Chiese,,0,45049.3236842,53779160.2501,Trento,-,Trento,TN,Provincia autonoma,Trentino-Alto Adige,Nord-est,https://w3id.org/italia/data/identifiers/cities-identifiers/alphanumeric-istat-code/022238
2910,2,4,22,0,22,22239,022239,Borgo Lares,,0,24202.6085085,22257581.412,Trento,-,Trento,TN,Provincia autonoma,Trentino-Alto Adige,Nord-est,https://w3id.org/italia/data/identifiers/cities-identifiers/alphanumeric-istat-code/022239
2911,2,4,22,0,22,22240,022240,Castel Ivano,,0,47009.1946813,34636734.4427,Trento,-,Trento,TN,Provincia autonoma,Trentino-Alto Adige,Nord-est,https://w3id.org/italia/data/identifiers/cities-identifiers/alphanumeric-istat-code/022240
2912,2,4,22,0,22,22241,022241,Cembra Lisignago,,0,22673.706645,24103718.3877,Trento,-,Trento,TN,Provincia autonoma,Trentino-Alto Adige,Nord-est,https://w3id.org/italia/data/identifiers/cities-identifiers/alphanumeric-istat-code/022241
2913,2,4,22,0,22,22242,022242,Contà,,0,17790.7317261,19057773.833,Trento,-,Trento,TN,Provincia autonoma,Trentino-Alto Adige,Nord-est,https://w3id.org/italia/data/identifiers/cities-identifiers/alphanumeric-istat-code/022242
2914,2,4,22,0,22,22243,022243,Madruzzo,,0,27498.2316521,29392053.2115,Trento,-,Trento,TN,Provincia autonoma,Trentino-Alto Adige,Nord-est,https://w3id.org/italia/data/identifiers/cities-identifiers/alphanumeric-istat-code/022243
2915,2,4,22,0,22,22244,022244,Porte di Rendena,,0,31567.4688958,40895513.2309,Trento,-,Trento,TN,Provincia autonoma,Trentino-Alto Adige,Nord-est,https://w3id.org/italia/data/identifiers/cities-identifiers/alphanumeric-istat-code/022244
2916,2,4,22,0,22,22245,022245,Primiero San Martino di Castrozza,,0,79583.4202002,199034565.842,Trento,-,Trento,TN,Provincia autonoma,Trentino-Alto Adige,Nord-est,https://w3id.org/italia/data/identifiers/cities-identifiers/alphanumeric-istat-code/022245
2917,2,4,22,0,22,22246,022246,Sella Giudicarie,,0,48783.3904032,85717880.9133,Trento,-,Trento,TN,Provincia autonoma,Trentino-Alto Adige,Nord-est,https://w3id.org/italia/data/identifiers/cities-identifiers/alphanumeric-istat-code/022246
2918,2,4,22,0,22,22247,022247,Tre Ville,,0,57307.2081902,81864020.9497,Trento,-,Trento,TN,Provincia autonoma,Trentino-Alto Adige,Nord-est,https://w3id.org/italia/data/identifiers/cities-identifiers/alphanumeric-istat-code/022247
2919,2,4,22,0,22,22248,022248,Vallelaghi,,0,43812.628477,72490368.542,Trento,-,Trento,TN,Provincia autonoma,Trentino-Alto Adige,Nord-est,https://w3id.org/italia/data/identifiers/cities-identifiers/alphanumeric-istat-code/022248
2920,2,4,22,0,22,22249,022249,Ville d'Anaunia,,0,62670.6849631,89770178.6317,Trento,-,Trento,TN,Provincia autonoma,Trentino-Alto Adige,Nord-est,https://w3id.org/italia/data/identifiers/cities-identifiers/alphanumeric-istat-code/022249
2921,2,4,22,0,22,22250,022250,San Giovanni di Fassa-Sèn Jan,Sèn Jan,0,59188.5834116,99320255.0423,Trento,-,Trento,TN,Provincia autonoma,Trentino-Alto Adige,Nord-est,https://w3id.org/italia/data/identifiers/cities-identifiers/alphanumeric-istat-code/022250
2922,2,4,22,0,22,22251,022251,Terre d'Adige,,0,29554.8979391,16385858.8613,Trento,-,Trento,TN,Provincia autonoma,Trentino-Alto Adige,Nord-est,https://w3id.org/italia/data/identifiers/cities-identifiers/alphanumeric-istat-code/022251
2923,2,4,22,0,22,22252,022252,Borgo d'Anaunia,,0,54729.6181193,63343989.6673,Trento,-,Trento,TN,Provincia autonoma,Trentino-Alto Adige,Nord-est,https://w3id.org/italia/data/identifiers/cities-identifiers/alphanumeric-istat-code/022252
2924,2,4,22,0,22,22253,022253,Novella,,0,41010.1379529,46481646.9435,Trento,-,Trento,TN,Provincia autonoma,Trentino-Alto Adige,Nord-est,https://w3id.org/italia/data/identifiers/cities-identifiers/alphanumeric-istat-code/022253
2925,2,4,22,0,22,22254,022254,Ville di Fiemme,,0,38945.0672183,46035098.1973,Trento,-,Trento,TN,Provincia autonoma,Trentino-Alto Adige,Nord-est,https://w3id.org/italia/data/identifiers/cities-identifiers/alphanumeric-istat-code/022254
